"","V1"
"1",0.00398406374501992
"2",0.00398406374501992
"3",0.00398406374501992
"4",0.00398406374501992
"5",0.00398406374501992
"6",0.00398406374501992
"7",0.00398406374501992
"8",0.00398406374501992
"9",0.00398406374501992
"10",0.00398406374501992
"11",0.00398406374501992
"12",0.00398406374501992
"13",0.00398406374501992
"14",0.00398406374501992
"15",0.00398406374501992
"16",0.00398406374501992
"17",0.00398406374501992
"18",0.00398406374501992
"19",0.00398406374501992
"20",0.00398406374501992
"21",0.00398406374501992
"22",0.00398406374501992
"23",0.00398406374501992
"24",0.00398406374501992
"25",0.00398406374501992
"26",0.00398406374501992
"27",0.00398406374501992
"28",0.00398406374501992
"29",0.00398406374501992
"30",0.00398406374501992
"31",0.00398406374501992
"32",0.00398406374501992
"33",0.00398406374501992
"34",0.00398406374501992
"35",0.00398406374501992
"36",0.00398406374501992
"37",0.00398406374501992
"38",0.00398406374501992
"39",0.00398406374501992
"40",0.00398406374501992
"41",0.00398406374501992
"42",0.00398406374501992
"43",0.00398406374501992
"44",0.00398406374501992
"45",0.00398406374501992
"46",0.00398406374501992
"47",0.00398406374501992
"48",0.00398406374501992
"49",0.00398406374501992
"50",0.00398406374501992
"51",0.00398406374501992
"52",0.00398406374501992
"53",0.00398406374501992
"54",0.00398406374501992
"55",0.00398406374501992
"56",0.00398406374501992
"57",0.00398406374501992
"58",0.00398406374501992
"59",0.00398406374501992
"60",0.00398406374501992
"61",0.00398406374501992
"62",0.00398406374501992
"63",0.00398406374501992
"64",0.00398406374501992
"65",0.00398406374501992
"66",0.00398406374501992
"67",0.00398406374501992
"68",0.00398406374501992
"69",0.00398406374501992
"70",0.00398406374501992
"71",0.00398406374501992
"72",0.00398406374501992
"73",0.00398406374501992
"74",0.00398406374501992
"75",0.00398406374501992
"76",0.00398406374501992
"77",0.00398406374501992
"78",0.00398406374501992
"79",0.00398406374501992
"80",0.00398406374501992
"81",0.00398406374501992
"82",0.00398406374501992
"83",0.00398406374501992
"84",0.00398406374501992
"85",0.00398406374501992
"86",0.00398406374501992
"87",0.00398406374501992
"88",0.00398406374501992
"89",0.00398406374501992
"90",0.00398406374501992
"91",0.00398406374501992
"92",0.00398406374501992
"93",0.00398406374501992
"94",0.00398406374501992
"95",0.00398406374501992
"96",0.00398406374501992
"97",0.00398406374501992
"98",0.00398406374501992
"99",0.00398406374501992
"100",0.00398406374501992
"101",0.00398406374501992
"102",0.00398406374501992
"103",0.00398406374501992
"104",0.00398406374501992
"105",0.00398406374501992
"106",0.00398406374501992
"107",0.00398406374501992
"108",0.00398406374501992
"109",0.00398406374501992
"110",0.00398406374501992
"111",0.00398406374501992
"112",0.00398406374501992
"113",0.00398406374501992
"114",0.00398406374501992
"115",0.00398406374501992
"116",0.00398406374501992
"117",0.00398406374501992
"118",0.00398406374501992
"119",0.00398406374501992
"120",0.00398406374501992
"121",0.00398406374501992
"122",0.00398406374501992
"123",0.00398406374501992
"124",0.00398406374501992
"125",0.00398406374501992
"126",0.00398406374501992
"127",0.00398406374501992
"128",0.00398406374501992
"129",0.00398406374501992
"130",0.00398406374501992
"131",0.00398406374501992
"132",0.00398406374501992
"133",0.00398406374501992
"134",0.00398406374501992
"135",0.00398406374501992
"136",0.00398406374501992
"137",0.00398406374501992
"138",0.00398406374501992
"139",0.00398406374501992
"140",0.00398406374501992
"141",0.00398406374501992
"142",0.00398406374501992
"143",0.00398406374501992
"144",0.00398406374501992
"145",0.00398406374501992
"146",0.00398406374501992
"147",0.00398406374501992
"148",0.00398406374501992
"149",0.00398406374501992
"150",0.00398406374501992
"151",0.00398406374501992
"152",0.00398406374501992
"153",0.00398406374501992
"154",0.00398406374501992
"155",0.00398406374501992
"156",0.00398406374501992
"157",0.00398406374501992
"158",0.00398406374501992
"159",0.00398406374501992
"160",0.00398406374501992
"161",0.00398406374501992
"162",0.00398406374501992
"163",0.00398406374501992
"164",0.00398406374501992
"165",0.00398406374501992
"166",0.00398406374501992
"167",0.00398406374501992
"168",0.00398406374501992
"169",0.00398406374501992
"170",0.00398406374501992
"171",0.00398406374501992
"172",0.00398406374501992
"173",0.00398406374501992
"174",0.00398406374501992
"175",0.00398406374501992
"176",0.00398406374501992
"177",0.00398406374501992
"178",0.00398406374501992
"179",0.00398406374501992
"180",0.00398406374501992
"181",0.00398406374501992
"182",0.00398406374501992
"183",0.00398406374501992
"184",0.00398406374501992
"185",0.00398406374501992
"186",0.00398406374501992
"187",0.00398406374501992
"188",0.00398406374501992
"189",0.00398406374501992
"190",0.00398406374501992
"191",0.00398406374501992
"192",0.00398406374501992
"193",0.00398406374501992
"194",0.00398406374501992
"195",0.00398406374501992
"196",0.00398406374501992
"197",0.00398406374501992
"198",0.00398406374501992
"199",0.00398406374501992
"200",0.00398406374501992
"201",0.00398406374501992
"202",0.00398406374501992
"203",0.00398406374501992
"204",0.00398406374501992
"205",0.00398406374501992
"206",0.00398406374501992
"207",0.00398406374501992
"208",0.00398406374501992
"209",0.00398406374501992
"210",0.00398406374501992
"211",0.00398406374501992
"212",0.00398406374501992
"213",0.00398406374501992
"214",0.00398406374501992
"215",0.00398406374501992
"216",0.00398406374501992
"217",0.00398406374501992
"218",0.00398406374501992
"219",0.00398406374501992
"220",0.00398406374501992
"221",0.00398406374501992
"222",0.00398406374501992
"223",0.00398406374501992
"224",0.00398406374501992
"225",0.00398406374501992
"226",0.00398406374501992
"227",0.00398406374501992
"228",0.00398406374501992
"229",0.00398406374501992
"230",0.00398406374501992
"231",0.00398406374501992
"232",0.00398406374501992
"233",0.00398406374501992
"234",0.00398406374501992
"235",0.00398406374501992
"236",0.00398406374501992
"237",0.00398406374501992
"238",0.00398406374501992
"239",0.00398406374501992
"240",0.00398406374501992
"241",0.00398406374501992
"242",0.00398406374501992
"243",0.00398406374501992
"244",0.00398406374501992
"245",0.00398406374501992
"246",0.00398406374501992
"247",0.00398406374501992
"248",0.00398406374501992
"249",0.00398406374501992
"250",0.00398406374501992
"251",0.00398406374501992
"252",0.00398406374501992
"253",0.00398406374501992
"254",0.00398406374501992
"255",0.00398406374501992
"256",0.00398406374501992
"257",0.00398406374501992
"258",0.00398406374501992
"259",0.00398406374501992
"260",0.00398406374501992
"261",0.00398406374501992
"262",0.00398406374501992
"263",0.00398406374501992
"264",0.00398406374501992
"265",0.00398406374501992
"266",0.00398406374501992
"267",0.00398406374501992
"268",0.00398406374501992
"269",0.00398406374501992
"270",0.00398406374501992
"271",0.00398406374501992
"272",0.00398406374501992
"273",0.00398406374501992
"274",0.00398406374501992
"275",0.00398406374501992
"276",0.00398406374501992
"277",0.00398406374501992
"278",0.00398406374501992
"279",0.00398406374501992
"280",0.00398406374501992
"281",0.00398406374501992
"282",0.00398406374501992
"283",0.00398406374501992
"284",0.00398406374501992
"285",0.00398406374501992
"286",0.00398406374501992
"287",0.00398406374501992
"288",0.00398406374501992
"289",0.00398406374501992
"290",0.00398406374501992
"291",0.00398406374501992
"292",0.00398406374501992
"293",0.00398406374501992
"294",0.00398406374501992
"295",0.00398406374501992
"296",0.00398406374501992
"297",0.00398406374501992
"298",0.00398406374501992
"299",0.00398406374501992
"300",0.00398406374501992
"301",0.00398406374501992
"302",0.00398406374501992
"303",0.00398406374501992
"304",0.00398406374501992
"305",0.00398406374501992
"306",0.00398406374501992
"307",0.00398406374501992
"308",0.00398406374501992
"309",0.00398406374501992
"310",0.00398406374501992
"311",0.00398406374501992
"312",0.00398406374501992
"313",0.00398406374501992
"314",0.00398406374501992
"315",0.00398406374501992
"316",0.00398406374501992
"317",0.00398406374501992
"318",0.00398406374501992
"319",0.00398406374501992
"320",0.00398406374501992
"321",0.00398406374501992
"322",0.00398406374501992
"323",0.00398406374501992
"324",0.00398406374501992
"325",0.00398406374501992
"326",0.00398406374501992
"327",0.00398406374501992
"328",0.00398406374501992
"329",0.00398406374501992
"330",0.00398406374501992
"331",0.00398406374501992
"332",0.00398406374501992
"333",0.00398406374501992
"334",0.00398406374501992
"335",0.00398406374501992
"336",0.00398406374501992
"337",0.00398406374501992
"338",0.00398406374501992
"339",0.00398406374501992
"340",0.00398406374501992
"341",0.00398406374501992
"342",0.00398406374501992
"343",0.00398406374501992
"344",0.00398406374501992
"345",0.00398406374501992
"346",0.00398406374501992
"347",0.00398406374501992
"348",0.00398406374501992
"349",0.00398406374501992
"350",0.00398406374501992
"351",0.00398406374501992
"352",0.00398406374501992
"353",0.00398406374501992
"354",0.00398406374501992
"355",0.00398406374501992
"356",0.00398406374501992
"357",0.00398406374501992
"358",0.00398406374501992
"359",0.00398406374501992
"360",0.00398406374501992
"361",0.00398406374501992
"362",0.00398406374501992
"363",0.00398406374501992
"364",0.00398406374501992
"365",0.00398406374501992
"366",0.00398406374501992
"367",0.00398406374501992
"368",0.00398406374501992
"369",0.00398406374501992
"370",0.00398406374501992
"371",0.00398406374501992
"372",0.00398406374501992
"373",0.00398406374501992
"374",0.00398406374501992
"375",0.00398406374501992
"376",0.00398406374501992
"377",0.00398406374501992
"378",0.00398406374501992
"379",0.00398406374501992
"380",0.00398406374501992
"381",0.00398406374501992
"382",0.00398406374501992
"383",0.00398406374501992
"384",0.00398406374501992
"385",0.00398406374501992
"386",0.00398406374501992
"387",0.00398406374501992
"388",0.00398406374501992
"389",0.00398406374501992
"390",0.00398406374501992
"391",0.00398406374501992
"392",0.00398406374501992
"393",0.00398406374501992
"394",0.00398406374501992
"395",0.00398406374501992
"396",0.00398406374501992
"397",0.00398406374501992
"398",0.00398406374501992
"399",0.00398406374501992
"400",0.00398406374501992
"401",0.00398406374501992
"402",0.00398406374501992
"403",0.00398406374501992
"404",0.00398406374501992
"405",0.00398406374501992
"406",0.00398406374501992
"407",0.00398406374501992
"408",0.00398406374501992
"409",0.00398406374501992
"410",0.00398406374501992
"411",0.00398406374501992
"412",0.00398406374501992
"413",0.00398406374501992
"414",0.00398406374501992
"415",0.00398406374501992
"416",0.00398406374501992
"417",0.00398406374501992
"418",0.00398406374501992
"419",0.00398406374501992
"420",0.00398406374501992
"421",0.00398406374501992
"422",0.00398406374501992
"423",0.00398406374501992
"424",0.00398406374501992
"425",0.00398406374501992
"426",0.00398406374501992
"427",0.00398406374501992
"428",0.00398406374501992
"429",0.00398406374501992
"430",0.00398406374501992
"431",0.00398406374501992
"432",0.00398406374501992
"433",0.00398406374501992
"434",0.00398406374501992
"435",0.00398406374501992
"436",0.00398406374501992
"437",0.00398406374501992
"438",0.00398406374501992
"439",0.00398406374501992
"440",0.00398406374501992
"441",0.00398406374501992
"442",0.00398406374501992
"443",0.00398406374501992
"444",0.00398406374501992
"445",0.00398406374501992
"446",0.00398406374501992
"447",0.00398406374501992
"448",0.00398406374501992
"449",0.00398406374501992
"450",0.00398406374501992
"451",0.00398406374501992
"452",0.00398406374501992
"453",0.00398406374501992
"454",0.00398406374501992
"455",0.00398406374501992
"456",0.00398406374501992
"457",0.00398406374501992
"458",0.00398406374501992
"459",0.00398406374501992
"460",0.00398406374501992
"461",0.00398406374501992
"462",0.00398406374501992
"463",0.00398406374501992
"464",0.00398406374501992
"465",0.00398406374501992
"466",0.00398406374501992
"467",0.00398406374501992
"468",0.00398406374501992
"469",0.00398406374501992
"470",0.00398406374501992
"471",0.00398406374501992
"472",0.00398406374501992
"473",0.00398406374501992
"474",0.00398406374501992
"475",0.00398406374501992
"476",0.00398406374501992
"477",0.00398406374501992
"478",0.00398406374501992
"479",0.00398406374501992
"480",0.00398406374501992
"481",0.00398406374501992
"482",0.00398406374501992
"483",0.00398406374501992
"484",0.00398406374501992
"485",0.00398406374501992
"486",0.00398406374501992
"487",0.00398406374501992
"488",0.00398406374501992
"489",0.00398406374501992
"490",0.00398406374501992
"491",0.00398406374501992
"492",0.00398406374501992
"493",0.00398406374501992
"494",0.00398406374501992
"495",0.00398406374501992
"496",0.00398406374501992
"497",0.00398406374501992
"498",0.00398406374501992
"499",0.00398406374501992
"500",0.00398406374501992
"501",0.00398406374501992
"502",0.00398406374501992
"503",0.00398406374501992
"504",0.00398406374501992
"505",0.00398406374501992
"506",0.00398406374501992
"507",0.00398406374501992
"508",0.00398406374501992
"509",0.00398406374501992
"510",0.00398406374501992
"511",0.00398406374501992
"512",0.00398406374501992
"513",0.00398406374501992
"514",0.00398406374501992
"515",0.00398406374501992
"516",0.00398406374501992
"517",0.00398406374501992
"518",0.00398406374501992
"519",0.00398406374501992
"520",0.00398406374501992
"521",0.00398406374501992
"522",0.00398406374501992
"523",0.00398406374501992
"524",0.00398406374501992
"525",0.00398406374501992
"526",0.00398406374501992
"527",0.00398406374501992
"528",0.00398406374501992
"529",0.00398406374501992
"530",0.00398406374501992
"531",0.00398406374501992
"532",0.00398406374501992
"533",0.00398406374501992
"534",0.00398406374501992
"535",0.00398406374501992
"536",0.00398406374501992
"537",0.00398406374501992
"538",0.00398406374501992
"539",0.00398406374501992
"540",0.00398406374501992
"541",0.00398406374501992
"542",0.00398406374501992
"543",0.00398406374501992
"544",0.00398406374501992
"545",0.00398406374501992
"546",0.00398406374501992
"547",0.00398406374501992
"548",0.00398406374501992
"549",0.00398406374501992
"550",0.00398406374501992
"551",0.00398406374501992
"552",0.00398406374501992
"553",0.00398406374501992
"554",0.00398406374501992
"555",0.00398406374501992
"556",0.00398406374501992
"557",0.00398406374501992
"558",0.00398406374501992
"559",0.00398406374501992
"560",0.00398406374501992
"561",0.00398406374501992
"562",0.00398406374501992
"563",0.00398406374501992
"564",0.00398406374501992
"565",0.00398406374501992
"566",0.00398406374501992
"567",0.00398406374501992
"568",0.00398406374501992
"569",0.00398406374501992
"570",0.00398406374501992
"571",0.00398406374501992
"572",0.00398406374501992
"573",0.00398406374501992
"574",0.00398406374501992
"575",0.00398406374501992
"576",0.00398406374501992
"577",0.00398406374501992
"578",0.00398406374501992
"579",0.00398406374501992
"580",0.00398406374501992
"581",0.00398406374501992
"582",0.00398406374501992
"583",0.00398406374501992
"584",0.00398406374501992
"585",0.00398406374501992
"586",0.00398406374501992
"587",0.00398406374501992
"588",0.00398406374501992
"589",0.00398406374501992
"590",0.00398406374501992
"591",0.00398406374501992
"592",0.00398406374501992
"593",0.00398406374501992
"594",0.00398406374501992
"595",0.00398406374501992
"596",0.00398406374501992
"597",0.00398406374501992
"598",0.00398406374501992
"599",0.00398406374501992
"600",0.00398406374501992
"601",0.00398406374501992
"602",0.00398406374501992
"603",0.00398406374501992
"604",0.00398406374501992
"605",0.00398406374501992
"606",0.00398406374501992
"607",0.00398406374501992
"608",0.00398406374501992
"609",0.00398406374501992
"610",0.00398406374501992
"611",0.00398406374501992
"612",0.00398406374501992
"613",0.00398406374501992
"614",0.00398406374501992
"615",0.00398406374501992
"616",0.00398406374501992
"617",0.00398406374501992
"618",0.00398406374501992
"619",0.00398406374501992
"620",0.00398406374501992
"621",0.00398406374501992
"622",0.00398406374501992
"623",0.00398406374501992
"624",0.00398406374501992
"625",0.00398406374501992
"626",0.00398406374501992
"627",0.00398406374501992
"628",0.00398406374501992
"629",0.00398406374501992
"630",0.00398406374501992
"631",0.00398406374501992
"632",0.00398406374501992
"633",0.00398406374501992
"634",0.00398406374501992
"635",0.00398406374501992
"636",0.00398406374501992
"637",0.00398406374501992
"638",0.00398406374501992
"639",0.00398406374501992
"640",0.00398406374501992
"641",0.00398406374501992
"642",0.00398406374501992
"643",0.00398406374501992
"644",0.00398406374501992
"645",0.00398406374501992
"646",0.00398406374501992
"647",0.00398406374501992
"648",0.00398406374501992
"649",0.00398406374501992
"650",0.00398406374501992
"651",0.00398406374501992
"652",0.00398406374501992
"653",0.00398406374501992
"654",0.00398406374501992
"655",0.00398406374501992
"656",0.00398406374501992
"657",0.00398406374501992
"658",0.00398406374501992
"659",0.00398406374501992
"660",0.00398406374501992
"661",0.00398406374501992
"662",0.00398406374501992
"663",0.00398406374501992
"664",0.00398406374501992
"665",0.00398406374501992
"666",0.00398406374501992
"667",0.00398406374501992
"668",0.00398406374501992
"669",0.00398406374501992
"670",0.00398406374501992
"671",0.00398406374501992
"672",0.00398406374501992
"673",0.00398406374501992
"674",0.00398406374501992
"675",0.00398406374501992
"676",0.00398406374501992
"677",0.00398406374501992
"678",0.00398406374501992
"679",0.00398406374501992
"680",0.00398406374501992
"681",0.00398406374501992
"682",0.00398406374501992
"683",0.00398406374501992
"684",0.00398406374501992
"685",0.00398406374501992
"686",0.00398406374501992
"687",0.00398406374501992
"688",0.00398406374501992
"689",0.00398406374501992
"690",0.00398406374501992
"691",0.00398406374501992
"692",0.00398406374501992
"693",0.00398406374501992
"694",0.00398406374501992
"695",0.00398406374501992
"696",0.00398406374501992
"697",0.00398406374501992
"698",0.00398406374501992
"699",0.00398406374501992
"700",0.00398406374501992
"701",0.00398406374501992
"702",0.00398406374501992
"703",0.00398406374501992
"704",0.00398406374501992
"705",0.00398406374501992
"706",0.00398406374501992
"707",0.00398406374501992
"708",0.00398406374501992
"709",0.00398406374501992
"710",0.00398406374501992
"711",0.00398406374501992
"712",0.00398406374501992
"713",0.00398406374501992
"714",0.00398406374501992
"715",0.00398406374501992
"716",0.00398406374501992
"717",0.00398406374501992
"718",0.00398406374501992
"719",0.00398406374501992
"720",0.00398406374501992
"721",0.00398406374501992
"722",0.00398406374501992
"723",0.00398406374501992
"724",0.00398406374501992
"725",0.00398406374501992
"726",0.00398406374501992
"727",0.00398406374501992
"728",0.00398406374501992
"729",0.00398406374501992
"730",0.00398406374501992
"731",0.00398406374501992
"732",0.00398406374501992
"733",0.00398406374501992
"734",0.00398406374501992
"735",0.00398406374501992
"736",0.00398406374501992
"737",0.00398406374501992
"738",0.00398406374501992
"739",0.00398406374501992
"740",0.00398406374501992
"741",0.00398406374501992
"742",0.00398406374501992
"743",0.00398406374501992
"744",0.00398406374501992
"745",0.00398406374501992
"746",0.00398406374501992
"747",0.00398406374501992
"748",0.00398406374501992
"749",0.00398406374501992
"750",0.00398406374501992
"751",0.00398406374501992
"752",0.00398406374501992
"753",0.00398406374501992
"754",0.00398406374501992
"755",0.00398406374501992
"756",0.00398406374501992
"757",0.00398406374501992
"758",0.00398406374501992
"759",0.00398406374501992
"760",0.00398406374501992
"761",0.00398406374501992
"762",0.00398406374501992
"763",0.00398406374501992
"764",0.00398406374501992
"765",0.00398406374501992
"766",0.00398406374501992
"767",0.00398406374501992
"768",0.00398406374501992
"769",0.00398406374501992
"770",0.00398406374501992
"771",0.00398406374501992
"772",0.00398406374501992
"773",0.00398406374501992
"774",0.00398406374501992
"775",0.00398406374501992
"776",0.00398406374501992
"777",0.00398406374501992
"778",0.00398406374501992
"779",0.00398406374501992
"780",0.00398406374501992
"781",0.00398406374501992
"782",0.00398406374501992
"783",0.00398406374501992
"784",0.00398406374501992
"785",0.00398406374501992
"786",0.00398406374501992
"787",0.00398406374501992
"788",0.00398406374501992
"789",0.00398406374501992
"790",0.00398406374501992
"791",0.00398406374501992
"792",0.00398406374501992
"793",0.00398406374501992
"794",0.00398406374501992
"795",0.00398406374501992
"796",0.00398406374501992
"797",0.00398406374501992
"798",0.00398406374501992
"799",0.00398406374501992
"800",0.00398406374501992
"801",0.00398406374501992
"802",0.00398406374501992
"803",0.00398406374501992
"804",0.00398406374501992
"805",0.00398406374501992
"806",0.00398406374501992
"807",0.00398406374501992
"808",0.00398406374501992
"809",0.00398406374501992
"810",0.00398406374501992
"811",0.00398406374501992
"812",0.00398406374501992
"813",0.00398406374501992
"814",0.00398406374501992
"815",0.00398406374501992
"816",0.00398406374501992
"817",0.00398406374501992
"818",0.00398406374501992
"819",0.00398406374501992
"820",0.00398406374501992
"821",0.00398406374501992
"822",0.00398406374501992
"823",0.00398406374501992
"824",0.00398406374501992
"825",0.00398406374501992
"826",0.00398406374501992
"827",0.00398406374501992
"828",0.00398406374501992
"829",0.00398406374501992
"830",0.00398406374501992
"831",0.00398406374501992
"832",0.00398406374501992
"833",0.00398406374501992
"834",0.00398406374501992
"835",0.00398406374501992
"836",0.00398406374501992
"837",0.00398406374501992
"838",0.00398406374501992
"839",0.00398406374501992
"840",0.00398406374501992
"841",0.00398406374501992
"842",0.00398406374501992
"843",0.00398406374501992
"844",0.00398406374501992
"845",0.00398406374501992
"846",0.00398406374501992
"847",0.00398406374501992
"848",0.00398406374501992
"849",0.00398406374501992
"850",0.00398406374501992
"851",0.00398406374501992
"852",0.00398406374501992
"853",0.00398406374501992
"854",0.00398406374501992
"855",0.00398406374501992
"856",0.00398406374501992
"857",0.00398406374501992
"858",0.00398406374501992
"859",0.00398406374501992
"860",0.00398406374501992
"861",0.00398406374501992
"862",0.00398406374501992
"863",0.00398406374501992
"864",0.00398406374501992
"865",0.00398406374501992
"866",0.00398406374501992
"867",0.00398406374501992
"868",0.00398406374501992
"869",0.00398406374501992
"870",0.00398406374501992
"871",0.00398406374501992
"872",0.00398406374501992
"873",0.00398406374501992
"874",0.00398406374501992
"875",0.00398406374501992
"876",0.00398406374501992
"877",0.00398406374501992
"878",0.00398406374501992
"879",0.00398406374501992
"880",0.00398406374501992
"881",0.00398406374501992
"882",0.00398406374501992
"883",0.00398406374501992
"884",0.00398406374501992
"885",0.00398406374501992
"886",0.00398406374501992
"887",0.00398406374501992
"888",0.00398406374501992
"889",0.00398406374501992
"890",0.00398406374501992
"891",0.00398406374501992
"892",0.00398406374501992
"893",0.00398406374501992
"894",0.00398406374501992
"895",0.00398406374501992
"896",0.00398406374501992
"897",0.00398406374501992
"898",0.00398406374501992
"899",0.00398406374501992
"900",0.00398406374501992
"901",0.00398406374501992
"902",0.00398406374501992
"903",0.00398406374501992
"904",0.00398406374501992
"905",0.00398406374501992
"906",0.00398406374501992
"907",0.00398406374501992
"908",0.00398406374501992
"909",0.00398406374501992
"910",0.00398406374501992
"911",0.00398406374501992
"912",0.00398406374501992
"913",0.00398406374501992
"914",0.00398406374501992
"915",0.00398406374501992
"916",0.00398406374501992
"917",0.00398406374501992
"918",0.00398406374501992
"919",0.00398406374501992
"920",0.00398406374501992
"921",0.00398406374501992
"922",0.00398406374501992
"923",0.00398406374501992
"924",0.00398406374501992
"925",0.00398406374501992
"926",0.00398406374501992
"927",0.00398406374501992
"928",0.00398406374501992
"929",0.00398406374501992
"930",0.00398406374501992
"931",0.00398406374501992
"932",0.00398406374501992
"933",0.00398406374501992
"934",0.00398406374501992
"935",0.00398406374501992
"936",0.00398406374501992
"937",0.00398406374501992
"938",0.00398406374501992
"939",0.00398406374501992
"940",0.00398406374501992
"941",0.00398406374501992
"942",0.00398406374501992
"943",0.00398406374501992
"944",0.00398406374501992
"945",0.00398406374501992
"946",0.00398406374501992
"947",0.00398406374501992
"948",0.00398406374501992
"949",0.00398406374501992
"950",0.00398406374501992
"951",0.00398406374501992
"952",0.00398406374501992
"953",0.00398406374501992
"954",0.00398406374501992
"955",0.00398406374501992
"956",0.00398406374501992
"957",0.00398406374501992
"958",0.00398406374501992
"959",0.00398406374501992
"960",0.00398406374501992
"961",0.00398406374501992
"962",0.00398406374501992
"963",0.00398406374501992
"964",0.00398406374501992
"965",0.00398406374501992
"966",0.00398406374501992
"967",0.00398406374501992
"968",0.00398406374501992
"969",0.00398406374501992
"970",0.00398406374501992
"971",0.00398406374501992
"972",0.00398406374501992
"973",0.00398406374501992
"974",0.00398406374501992
"975",0.00398406374501992
"976",0.00398406374501992
"977",0.00398406374501992
"978",0.00398406374501992
"979",0.00398406374501992
"980",0.00398406374501992
"981",0.00398406374501992
"982",0.00398406374501992
"983",0.00398406374501992
"984",0.00398406374501992
"985",0.00398406374501992
"986",0.00398406374501992
"987",0.00398406374501992
"988",0.00398406374501992
"989",0.00398406374501992
"990",0.00398406374501992
"991",0.00398406374501992
"992",0.00398406374501992
"993",0.00398406374501992
"994",0.00398406374501992
"995",0.00398406374501992
"996",0.00398406374501992
"997",0.00398406374501992
"998",0.00398406374501992
"999",0.00398406374501992
"1000",0.00398406374501992
"1001",0.00398406374501992
"1002",0.00398406374501992
"1003",0.00398406374501992
"1004",0.00398406374501992
"1005",0.00398406374501992
"1006",0.00398406374501992
"1007",0.00398406374501992
"1008",0.00398406374501992
"1009",0.00398406374501992
"1010",0.00398406374501992
"1011",0.00398406374501992
"1012",0.00398406374501992
"1013",0.00398406374501992
"1014",0.00398406374501992
"1015",0.00398406374501992
"1016",0.00398406374501992
"1017",0.00398406374501992
"1018",0.00398406374501992
"1019",0.00398406374501992
"1020",0.00398406374501992
"1021",0.00398406374501992
"1022",0.00398406374501992
"1023",0.00398406374501992
"1024",0.00398406374501992
"1025",0.00398406374501992
"1026",0.00398406374501992
"1027",0.00398406374501992
"1028",0.00398406374501992
"1029",0.00398406374501992
"1030",0.00398406374501992
"1031",0.00398406374501992
"1032",0.00398406374501992
"1033",0.00398406374501992
"1034",0.00398406374501992
"1035",0.00398406374501992
"1036",0.00398406374501992
"1037",0.00398406374501992
"1038",0.00398406374501992
"1039",0.00398406374501992
"1040",0.00398406374501992
"1041",0.00398406374501992
"1042",0.00398406374501992
"1043",0.00398406374501992
"1044",0.00398406374501992
"1045",0.00398406374501992
"1046",0.00398406374501992
"1047",0.00398406374501992
"1048",0.00398406374501992
"1049",0.00398406374501992
"1050",0.00398406374501992
"1051",0.00398406374501992
"1052",0.00398406374501992
"1053",0.00398406374501992
"1054",0.00398406374501992
"1055",0.00398406374501992
"1056",0.00398406374501992
"1057",0.00398406374501992
"1058",0.00398406374501992
"1059",0.00398406374501992
"1060",0.00398406374501992
"1061",0.00398406374501992
"1062",0.00398406374501992
"1063",0.00398406374501992
"1064",0.00398406374501992
"1065",0.00398406374501992
"1066",0.00398406374501992
"1067",0.00398406374501992
"1068",0.00398406374501992
"1069",0.00398406374501992
"1070",0.00398406374501992
"1071",0.00398406374501992
"1072",0.00398406374501992
"1073",0.00398406374501992
"1074",0.00398406374501992
"1075",0.00398406374501992
"1076",0.00398406374501992
"1077",0.00398406374501992
"1078",0.00398406374501992
"1079",0.00398406374501992
"1080",0.00398406374501992
"1081",0.00398406374501992
"1082",0.00398406374501992
"1083",0.00398406374501992
"1084",0.00398406374501992
"1085",0.00398406374501992
"1086",0.00398406374501992
"1087",0.00398406374501992
"1088",0.00398406374501992
"1089",0.00398406374501992
"1090",0.00398406374501992
"1091",0.00398406374501992
"1092",0.00398406374501992
"1093",0.00398406374501992
"1094",0.00398406374501992
"1095",0.00398406374501992
"1096",0.00398406374501992
"1097",0.00398406374501992
"1098",0.00398406374501992
"1099",0.00398406374501992
"1100",0.00398406374501992
"1101",0.00398406374501992
"1102",0.00398406374501992
"1103",0.00398406374501992
"1104",0.00398406374501992
"1105",0.00398406374501992
"1106",0.00398406374501992
"1107",0.00398406374501992
"1108",0.00398406374501992
"1109",0.00398406374501992
"1110",0.00398406374501992
"1111",0.00398406374501992
"1112",0.00398406374501992
"1113",0.00398406374501992
"1114",0.00398406374501992
"1115",0.00398406374501992
"1116",0.00398406374501992
"1117",0.00398406374501992
"1118",0.00398406374501992
"1119",0.00398406374501992
"1120",0.00398406374501992
"1121",0.00398406374501992
"1122",0.00398406374501992
"1123",0.00398406374501992
"1124",0.00398406374501992
"1125",0.00398406374501992
"1126",0.00398406374501992
"1127",0.00398406374501992
"1128",0.00398406374501992
"1129",0.00398406374501992
"1130",0.00398406374501992
"1131",0.00398406374501992
"1132",0.00398406374501992
"1133",0.00398406374501992
"1134",0.00398406374501992
"1135",0.00398406374501992
"1136",0.00398406374501992
"1137",0.00398406374501992
"1138",0.00398406374501992
"1139",0.00398406374501992
"1140",0.00398406374501992
"1141",0.00398406374501992
"1142",0.00398406374501992
"1143",0.00398406374501992
"1144",0.00398406374501992
"1145",0.00398406374501992
"1146",0.00398406374501992
"1147",0.00398406374501992
"1148",0.00398406374501992
"1149",0.00398406374501992
"1150",0.00398406374501992
"1151",0.00398406374501992
"1152",0.00398406374501992
"1153",0.00398406374501992
"1154",0.00398406374501992
"1155",0.00398406374501992
"1156",0.00398406374501992
"1157",0.00398406374501992
"1158",0.00398406374501992
"1159",0.00398406374501992
"1160",0.00398406374501992
"1161",0.00398406374501992
"1162",0.00398406374501992
"1163",0.00398406374501992
"1164",0.00398406374501992
"1165",0.00398406374501992
"1166",0.00398406374501992
"1167",0.00398406374501992
"1168",0.00398406374501992
"1169",0.00398406374501992
"1170",0.00398406374501992
"1171",0.00398406374501992
"1172",0.00398406374501992
"1173",0.00398406374501992
"1174",0.00398406374501992
"1175",0.00398406374501992
"1176",0.00398406374501992
"1177",0.00398406374501992
"1178",0.00398406374501992
"1179",0.00398406374501992
"1180",0.00398406374501992
"1181",0.00398406374501992
"1182",0.00398406374501992
"1183",0.00398406374501992
"1184",0.00398406374501992
"1185",0.00398406374501992
"1186",0.00398406374501992
"1187",0.00398406374501992
"1188",0.00398406374501992
"1189",0.00398406374501992
"1190",0.00398406374501992
"1191",0.00398406374501992
"1192",0.00398406374501992
"1193",0.00398406374501992
"1194",0.00398406374501992
"1195",0.00398406374501992
"1196",0.00398406374501992
"1197",0.00398406374501992
"1198",0.00398406374501992
"1199",0.00398406374501992
"1200",0.00398406374501992
"1201",0.00398406374501992
"1202",0.00398406374501992
"1203",0.00398406374501992
"1204",0.00398406374501992
"1205",0.00398406374501992
"1206",0.00398406374501992
"1207",0.00398406374501992
"1208",0.00398406374501992
"1209",0.00398406374501992
"1210",0.00398406374501992
"1211",0.00398406374501992
"1212",0.00398406374501992
"1213",0.00398406374501992
"1214",0.00398406374501992
"1215",0.00398406374501992
"1216",0.00398406374501992
"1217",0.00398406374501992
"1218",0.00398406374501992
"1219",0.00398406374501992
"1220",0.00398406374501992
"1221",0.00398406374501992
"1222",0.00398406374501992
"1223",0.00398406374501992
"1224",0.00398406374501992
"1225",0.00398406374501992
"1226",0.00398406374501992
"1227",0.00398406374501992
"1228",0.00398406374501992
"1229",0.00398406374501992
"1230",0.00398406374501992
"1231",0.00398406374501992
"1232",0.00398406374501992
"1233",0.00398406374501992
"1234",0.00398406374501992
"1235",0.00398406374501992
"1236",0.00398406374501992
"1237",0.00398406374501992
"1238",0.00398406374501992
"1239",0.00398406374501992
"1240",0.00398406374501992
"1241",0.00398406374501992
"1242",0.00398406374501992
"1243",0.00398406374501992
"1244",0.00398406374501992
"1245",0.00398406374501992
"1246",0.00398406374501992
"1247",0.00398406374501992
"1248",0.00398406374501992
"1249",0.00398406374501992
"1250",0.00398406374501992
"1251",0.00398406374501992
"1252",0.00398406374501992
"1253",0.00398406374501992
"1254",0.00398406374501992
"1255",0.00398406374501992
"1256",0.00398406374501992
"1257",0.00398406374501992
"1258",0.00398406374501992
"1259",0.00398406374501992
"1260",0.00398406374501992
"1261",0.00398406374501992
"1262",0.00398406374501992
"1263",0.00398406374501992
"1264",0.00398406374501992
"1265",0.00398406374501992
"1266",0.00398406374501992
"1267",0.00398406374501992
"1268",0.00398406374501992
"1269",0.00398406374501992
"1270",0.00398406374501992
"1271",0.00398406374501992
"1272",0.00398406374501992
"1273",0.00398406374501992
"1274",0.00398406374501992
"1275",0.00398406374501992
"1276",0.00398406374501992
"1277",0.00398406374501992
"1278",0.00398406374501992
"1279",0.00398406374501992
"1280",0.00398406374501992
"1281",0.00398406374501992
"1282",0.00398406374501992
"1283",0.00398406374501992
"1284",0.00398406374501992
"1285",0.00398406374501992
"1286",0.00398406374501992
"1287",0.00398406374501992
"1288",0.00398406374501992
"1289",0.00398406374501992
"1290",0.00398406374501992
"1291",0.00398406374501992
"1292",0.00398406374501992
"1293",0.00398406374501992
"1294",0.00398406374501992
"1295",0.00398406374501992
"1296",0.00398406374501992
"1297",0.00398406374501992
"1298",0.00398406374501992
"1299",0.00398406374501992
"1300",0.00398406374501992
"1301",0.00398406374501992
"1302",0.00398406374501992
"1303",0.00398406374501992
"1304",0.00398406374501992
"1305",0.00398406374501992
"1306",0.00398406374501992
"1307",0.00398406374501992
"1308",0.00398406374501992
"1309",0.00398406374501992
"1310",0.00398406374501992
"1311",0.00398406374501992
"1312",0.00398406374501992
"1313",0.00398406374501992
"1314",0.00398406374501992
"1315",0.00398406374501992
"1316",0.00398406374501992
"1317",0.00398406374501992
"1318",0.00398406374501992
"1319",0.00398406374501992
"1320",0.00398406374501992
"1321",0.00398406374501992
"1322",0.00398406374501992
"1323",0.00398406374501992
"1324",0.00398406374501992
"1325",0.00398406374501992
"1326",0.00398406374501992
"1327",0.00398406374501992
"1328",0.00398406374501992
"1329",0.00398406374501992
"1330",0.00398406374501992
"1331",0.00398406374501992
"1332",0.00398406374501992
"1333",0.00398406374501992
"1334",0.00398406374501992
"1335",0.00398406374501992
"1336",0.00398406374501992
"1337",0.00398406374501992
"1338",0.00398406374501992
"1339",0.00398406374501992
"1340",0.00398406374501992
"1341",0.00398406374501992
"1342",0.00398406374501992
"1343",0.00398406374501992
"1344",0.00398406374501992
"1345",0.00398406374501992
"1346",0.00398406374501992
"1347",0.00398406374501992
"1348",0.00398406374501992
"1349",0.00398406374501992
"1350",0.00398406374501992
"1351",0.00398406374501992
"1352",0.00398406374501992
"1353",0.00398406374501992
"1354",0.00398406374501992
"1355",0.00398406374501992
"1356",0.00398406374501992
"1357",0.00398406374501992
"1358",0.00398406374501992
"1359",0.00398406374501992
"1360",0.00398406374501992
"1361",0.00398406374501992
"1362",0.00398406374501992
"1363",0.00398406374501992
"1364",0.00398406374501992
"1365",0.00398406374501992
"1366",0.00398406374501992
"1367",0.00398406374501992
"1368",0.00398406374501992
"1369",0.00398406374501992
"1370",0.00398406374501992
"1371",0.00398406374501992
"1372",0.00398406374501992
"1373",0.00398406374501992
"1374",0.00398406374501992
"1375",0.00398406374501992
"1376",0.00398406374501992
"1377",0.00398406374501992
"1378",0.00398406374501992
"1379",0.00398406374501992
"1380",0.00398406374501992
"1381",0.00398406374501992
"1382",0.00398406374501992
"1383",0.00398406374501992
"1384",0.00398406374501992
"1385",0.00398406374501992
"1386",0.00398406374501992
"1387",0.00398406374501992
"1388",0.00398406374501992
"1389",0.00398406374501992
"1390",0.00398406374501992
"1391",0.00398406374501992
"1392",0.00398406374501992
"1393",0.00398406374501992
"1394",0.00398406374501992
"1395",0.00398406374501992
"1396",0.00398406374501992
"1397",0.00398406374501992
"1398",0.00398406374501992
"1399",0.00398406374501992
"1400",0.00398406374501992
"1401",0.00398406374501992
"1402",0.00398406374501992
"1403",0.00398406374501992
"1404",0.00398406374501992
"1405",0.00398406374501992
"1406",0.00398406374501992
"1407",0.00398406374501992
"1408",0.00398406374501992
"1409",0.00398406374501992
"1410",0.00398406374501992
"1411",0.00398406374501992
"1412",0.00398406374501992
"1413",0.00398406374501992
"1414",0.00398406374501992
"1415",0.00398406374501992
"1416",0.00398406374501992
"1417",0.00398406374501992
"1418",0.00398406374501992
"1419",0.00398406374501992
"1420",0.00398406374501992
"1421",0.00398406374501992
"1422",0.00398406374501992
"1423",0.00398406374501992
"1424",0.00398406374501992
"1425",0.00398406374501992
"1426",0.00398406374501992
"1427",0.00398406374501992
"1428",0.00398406374501992
"1429",0.00398406374501992
"1430",0.00398406374501992
"1431",0.00398406374501992
"1432",0.00398406374501992
"1433",0.00398406374501992
"1434",0.00398406374501992
"1435",0.00398406374501992
"1436",0.00398406374501992
"1437",0.00398406374501992
"1438",0.00398406374501992
"1439",0.00398406374501992
"1440",0.00398406374501992
"1441",0.00398406374501992
"1442",0.00398406374501992
"1443",0.00398406374501992
"1444",0.00398406374501992
"1445",0.00398406374501992
"1446",0.00398406374501992
"1447",0.00398406374501992
"1448",0.00398406374501992
"1449",0.00398406374501992
"1450",0.00398406374501992
"1451",0.00398406374501992
"1452",0.00398406374501992
"1453",0.00398406374501992
"1454",0.00398406374501992
"1455",0.00398406374501992
"1456",0.00398406374501992
"1457",0.00398406374501992
"1458",0.00398406374501992
"1459",0.00398406374501992
"1460",0.00398406374501992
"1461",0.00398406374501992
"1462",0.00398406374501992
"1463",0.00398406374501992
"1464",0.00398406374501992
"1465",0.00398406374501992
"1466",0.00398406374501992
"1467",0.00398406374501992
"1468",0.00398406374501992
"1469",0.00398406374501992
"1470",0.00398406374501992
"1471",0.00398406374501992
"1472",0.00398406374501992
"1473",0.00398406374501992
"1474",0.00398406374501992
"1475",0.00398406374501992
"1476",0.00398406374501992
"1477",0.00398406374501992
"1478",0.00398406374501992
"1479",0.00398406374501992
"1480",0.00398406374501992
"1481",0.00398406374501992
"1482",0.00398406374501992
"1483",0.00398406374501992
"1484",0.00398406374501992
"1485",0.00398406374501992
"1486",0.00398406374501992
"1487",0.00398406374501992
"1488",0.00398406374501992
"1489",0.00398406374501992
"1490",0.00398406374501992
"1491",0.00398406374501992
"1492",0.00398406374501992
"1493",0.00398406374501992
"1494",0.00398406374501992
"1495",0.00398406374501992
"1496",0.00398406374501992
"1497",0.00398406374501992
"1498",0.00398406374501992
"1499",0.00398406374501992
"1500",0.00398406374501992
"1501",0.00398406374501992
"1502",0.00398406374501992
"1503",0.00398406374501992
"1504",0.00398406374501992
"1505",0.00398406374501992
"1506",0.00398406374501992
"1507",0.00398406374501992
"1508",0.00398406374501992
"1509",0.00398406374501992
"1510",0.00398406374501992
"1511",0.00398406374501992
"1512",0.00398406374501992
"1513",0.00398406374501992
"1514",0.00398406374501992
"1515",0.00398406374501992
"1516",0.00398406374501992
"1517",0.00398406374501992
"1518",0.00398406374501992
"1519",0.00398406374501992
"1520",0.00398406374501992
"1521",0.00398406374501992
"1522",0.00398406374501992
"1523",0.00398406374501992
"1524",0.00398406374501992
"1525",0.00398406374501992
"1526",0.00398406374501992
"1527",0.00398406374501992
"1528",0.00398406374501992
"1529",0.00398406374501992
"1530",0.00398406374501992
"1531",0.00398406374501992
"1532",0.00398406374501992
"1533",0.00398406374501992
"1534",0.00398406374501992
"1535",0.00398406374501992
"1536",0.00398406374501992
"1537",0.00398406374501992
"1538",0.00398406374501992
"1539",0.00398406374501992
"1540",0.00398406374501992
"1541",0.00398406374501992
"1542",0.00398406374501992
"1543",0.00398406374501992
"1544",0.00398406374501992
"1545",0.00398406374501992
"1546",0.00398406374501992
"1547",0.00398406374501992
"1548",0.00398406374501992
"1549",0.00398406374501992
"1550",0.00398406374501992
"1551",0.00398406374501992
"1552",0.00398406374501992
"1553",0.00398406374501992
"1554",0.00398406374501992
"1555",0.00398406374501992
"1556",0.00398406374501992
"1557",0.00398406374501992
"1558",0.00398406374501992
"1559",0.00398406374501992
"1560",0.00398406374501992
"1561",0.00398406374501992
"1562",0.00398406374501992
"1563",0.00398406374501992
"1564",0.00398406374501992
"1565",0.00398406374501992
"1566",0.00398406374501992
"1567",0.00398406374501992
"1568",0.00398406374501992
"1569",0.00398406374501992
"1570",0.00398406374501992
"1571",0.00398406374501992
"1572",0.00398406374501992
"1573",0.00398406374501992
"1574",0.00398406374501992
"1575",0.00398406374501992
"1576",0.00398406374501992
"1577",0.00398406374501992
"1578",0.00398406374501992
"1579",0.00398406374501992
"1580",0.00398406374501992
"1581",0.00398406374501992
"1582",0.00398406374501992
"1583",0.00398406374501992
"1584",0.00398406374501992
"1585",0.00398406374501992
"1586",0.00398406374501992
"1587",0.00398406374501992
"1588",0.00398406374501992
"1589",0.00398406374501992
"1590",0.00398406374501992
"1591",0.00398406374501992
"1592",0.00398406374501992
"1593",0.00398406374501992
"1594",0.00398406374501992
"1595",0.00398406374501992
"1596",0.00398406374501992
"1597",0.00398406374501992
"1598",0.00398406374501992
"1599",0.00398406374501992
"1600",0.00398406374501992
"1601",0.00398406374501992
"1602",0.00398406374501992
"1603",0.00398406374501992
"1604",0.00398406374501992
"1605",0.00398406374501992
"1606",0.00398406374501992
"1607",0.00398406374501992
"1608",0.00398406374501992
"1609",0.00398406374501992
"1610",0.00398406374501992
"1611",0.00398406374501992
"1612",0.00398406374501992
"1613",0.00398406374501992
"1614",0.00398406374501992
"1615",0.00398406374501992
"1616",0.00398406374501992
"1617",0.00398406374501992
"1618",0.00398406374501992
"1619",0.00398406374501992
"1620",0.00398406374501992
"1621",0.00398406374501992
"1622",0.00398406374501992
"1623",0.00398406374501992
"1624",0.00398406374501992
"1625",0.00398406374501992
"1626",0.00398406374501992
"1627",0.00398406374501992
"1628",0.00398406374501992
"1629",0.00398406374501992
"1630",0.00398406374501992
"1631",0.00398406374501992
"1632",0.00398406374501992
"1633",0.00398406374501992
"1634",0.00398406374501992
"1635",0.00398406374501992
"1636",0.00398406374501992
"1637",0.00398406374501992
"1638",0.00398406374501992
"1639",0.00398406374501992
"1640",0.00398406374501992
"1641",0.00398406374501992
"1642",0.00398406374501992
"1643",0.00398406374501992
"1644",0.00398406374501992
"1645",0.00398406374501992
"1646",0.00398406374501992
"1647",0.00398406374501992
"1648",0.00398406374501992
"1649",0.00398406374501992
"1650",0.00398406374501992
"1651",0.00398406374501992
"1652",0.00398406374501992
"1653",0.00398406374501992
"1654",0.00398406374501992
"1655",0.00398406374501992
"1656",0.00398406374501992
"1657",0.00398406374501992
"1658",0.00398406374501992
"1659",0.00398406374501992
"1660",0.00398406374501992
"1661",0.00398406374501992
"1662",0.00398406374501992
"1663",0.00398406374501992
"1664",0.00398406374501992
"1665",0.00398406374501992
"1666",0.00398406374501992
"1667",0.00398406374501992
"1668",0.00398406374501992
"1669",0.00398406374501992
"1670",0.00398406374501992
"1671",0.00398406374501992
"1672",0.00398406374501992
"1673",0.00398406374501992
"1674",0.00398406374501992
"1675",0.00398406374501992
"1676",0.00398406374501992
"1677",0.00398406374501992
"1678",0.00398406374501992
"1679",0.00398406374501992
"1680",0.00398406374501992
"1681",0.00398406374501992
"1682",0.00398406374501992
"1683",0.00398406374501992
"1684",0.00398406374501992
"1685",0.00398406374501992
"1686",0.00398406374501992
"1687",0.00398406374501992
"1688",0.00398406374501992
"1689",0.00398406374501992
"1690",0.00398406374501992
"1691",0.00398406374501992
"1692",0.00398406374501992
"1693",0.00398406374501992
"1694",0.00398406374501992
"1695",0.00398406374501992
"1696",0.00398406374501992
"1697",0.00398406374501992
"1698",0.00398406374501992
"1699",0.00398406374501992
"1700",0.00398406374501992
"1701",0.00398406374501992
"1702",0.00398406374501992
"1703",0.00398406374501992
"1704",0.00398406374501992
"1705",0.00398406374501992
"1706",0.00398406374501992
"1707",0.00398406374501992
"1708",0.00398406374501992
"1709",0.00398406374501992
"1710",0.00398406374501992
"1711",0.00398406374501992
"1712",0.00398406374501992
"1713",0.00398406374501992
"1714",0.00398406374501992
"1715",0.00398406374501992
"1716",0.00398406374501992
"1717",0.00398406374501992
"1718",0.00398406374501992
"1719",0.00398406374501992
"1720",0.00398406374501992
"1721",0.00398406374501992
"1722",0.00398406374501992
"1723",0.00398406374501992
"1724",0.00398406374501992
"1725",0.00398406374501992
"1726",0.00398406374501992
"1727",0.00398406374501992
"1728",0.00398406374501992
"1729",0.00398406374501992
"1730",0.00398406374501992
"1731",0.00398406374501992
"1732",0.00398406374501992
"1733",0.00398406374501992
"1734",0.00398406374501992
"1735",0.00398406374501992
"1736",0.00398406374501992
"1737",0.00398406374501992
"1738",0.00398406374501992
"1739",0.00398406374501992
"1740",0.00398406374501992
"1741",0.00398406374501992
"1742",0.00398406374501992
"1743",0.00398406374501992
"1744",0.00398406374501992
"1745",0.00398406374501992
"1746",0.00398406374501992
"1747",0.00398406374501992
"1748",0.00398406374501992
"1749",0.00398406374501992
"1750",0.00398406374501992
"1751",0.00398406374501992
"1752",0.00398406374501992
"1753",0.00398406374501992
"1754",0.00398406374501992
"1755",0.00398406374501992
"1756",0.00398406374501992
"1757",0.00398406374501992
"1758",0.00398406374501992
"1759",0.00398406374501992
"1760",0.00398406374501992
"1761",0.00398406374501992
"1762",0.00398406374501992
"1763",0.00398406374501992
"1764",0.00398406374501992
"1765",0.00398406374501992
"1766",0.00398406374501992
"1767",0.00398406374501992
"1768",0.00398406374501992
"1769",0.00398406374501992
"1770",0.00398406374501992
"1771",0.00398406374501992
"1772",0.00398406374501992
"1773",0.00398406374501992
"1774",0.00398406374501992
"1775",0.00398406374501992
"1776",0.00398406374501992
"1777",0.00398406374501992
"1778",0.00398406374501992
"1779",0.00398406374501992
"1780",0.00398406374501992
"1781",0.00398406374501992
"1782",0.00398406374501992
"1783",0.00398406374501992
"1784",0.00398406374501992
"1785",0.00398406374501992
"1786",0.00398406374501992
"1787",0.00398406374501992
"1788",0.00398406374501992
"1789",0.00398406374501992
"1790",0.00398406374501992
"1791",0.00398406374501992
"1792",0.00398406374501992
"1793",0.00398406374501992
"1794",0.00398406374501992
"1795",0.00398406374501992
"1796",0.00398406374501992
"1797",0.00398406374501992
"1798",0.00398406374501992
"1799",0.00398406374501992
"1800",0.00398406374501992
"1801",0.00398406374501992
"1802",0.00398406374501992
"1803",0.00398406374501992
"1804",0.00398406374501992
"1805",0.00398406374501992
"1806",0.00398406374501992
"1807",0.00398406374501992
"1808",0.00398406374501992
"1809",0.00398406374501992
"1810",0.00398406374501992
"1811",0.00398406374501992
"1812",0.00398406374501992
"1813",0.00398406374501992
"1814",0.00398406374501992
"1815",0.00398406374501992
"1816",0.00398406374501992
"1817",0.00398406374501992
"1818",0.00398406374501992
"1819",0.00398406374501992
"1820",0.00398406374501992
"1821",0.00398406374501992
"1822",0.00398406374501992
"1823",0.00398406374501992
"1824",0.00398406374501992
"1825",0.00398406374501992
"1826",0.00398406374501992
"1827",0.00398406374501992
"1828",0.00398406374501992
"1829",0.00398406374501992
"1830",0.00398406374501992
"1831",0.00398406374501992
"1832",0.00398406374501992
"1833",0.00398406374501992
"1834",0.00398406374501992
"1835",0.00398406374501992
"1836",0.00398406374501992
"1837",0.00398406374501992
"1838",0.00398406374501992
"1839",0.00398406374501992
"1840",0.00398406374501992
"1841",0.00398406374501992
"1842",0.00398406374501992
"1843",0.00398406374501992
"1844",0.00398406374501992
"1845",0.00398406374501992
"1846",0.00398406374501992
"1847",0.00398406374501992
"1848",0.00398406374501992
"1849",0.00398406374501992
"1850",0.00398406374501992
"1851",0.00398406374501992
"1852",0.00398406374501992
"1853",0.00398406374501992
"1854",0.00398406374501992
"1855",0.00398406374501992
"1856",0.00398406374501992
"1857",0.00398406374501992
"1858",0.00398406374501992
"1859",0.00398406374501992
"1860",0.00398406374501992
"1861",0.00398406374501992
"1862",0.00398406374501992
"1863",0.00398406374501992
"1864",0.00398406374501992
"1865",0.00398406374501992
"1866",0.00398406374501992
"1867",0.00398406374501992
"1868",0.00398406374501992
"1869",0.00398406374501992
"1870",0.00398406374501992
"1871",0.00398406374501992
"1872",0.00398406374501992
"1873",0.00398406374501992
"1874",0.00398406374501992
"1875",0.00398406374501992
"1876",0.00398406374501992
"1877",0.00398406374501992
"1878",0.00398406374501992
"1879",0.00398406374501992
"1880",0.00398406374501992
"1881",0.00398406374501992
"1882",0.00398406374501992
"1883",0.00398406374501992
"1884",0.00398406374501992
"1885",0.00398406374501992
"1886",0.00398406374501992
"1887",0.00398406374501992
"1888",0.00398406374501992
"1889",0.00398406374501992
"1890",0.00398406374501992
"1891",0.00398406374501992
"1892",0.00398406374501992
"1893",0.00398406374501992
"1894",0.00398406374501992
"1895",0.00398406374501992
"1896",0.00398406374501992
"1897",0.00398406374501992
"1898",0.00398406374501992
"1899",0.00398406374501992
"1900",0.00398406374501992
"1901",0.00398406374501992
"1902",0.00398406374501992
"1903",0.00398406374501992
"1904",0.00398406374501992
"1905",0.00398406374501992
"1906",0.00398406374501992
"1907",0.00398406374501992
"1908",0.00398406374501992
"1909",0.00398406374501992
"1910",0.00398406374501992
"1911",0.00398406374501992
"1912",0.00398406374501992
"1913",0.00398406374501992
"1914",0.00398406374501992
"1915",0.00398406374501992
"1916",0.00398406374501992
"1917",0.00398406374501992
"1918",0.00398406374501992
"1919",0.00398406374501992
"1920",0.00398406374501992
"1921",0.00398406374501992
"1922",0.00398406374501992
"1923",0.00398406374501992
"1924",0.00398406374501992
"1925",0.00398406374501992
"1926",0.00398406374501992
"1927",0.00398406374501992
"1928",0.00398406374501992
"1929",0.00398406374501992
"1930",0.00398406374501992
"1931",0.00398406374501992
"1932",0.00398406374501992
"1933",0.00398406374501992
"1934",0.00398406374501992
"1935",0.00398406374501992
"1936",0.00398406374501992
"1937",0.00398406374501992
"1938",0.00398406374501992
"1939",0.00398406374501992
"1940",0.00398406374501992
"1941",0.00398406374501992
"1942",0.00398406374501992
"1943",0.00398406374501992
"1944",0.00398406374501992
"1945",0.00398406374501992
"1946",0.00398406374501992
"1947",0.00398406374501992
"1948",0.00398406374501992
"1949",0.00398406374501992
"1950",0.00398406374501992
"1951",0.00398406374501992
"1952",0.00398406374501992
"1953",0.00398406374501992
"1954",0.00398406374501992
"1955",0.00398406374501992
"1956",0.00398406374501992
"1957",0.00398406374501992
"1958",0.00398406374501992
"1959",0.00398406374501992
"1960",0.00398406374501992
"1961",0.00398406374501992
"1962",0.00398406374501992
"1963",0.00398406374501992
"1964",0.00398406374501992
"1965",0.00398406374501992
"1966",0.00398406374501992
"1967",0.00398406374501992
"1968",0.00398406374501992
"1969",0.00398406374501992
"1970",0.00398406374501992
"1971",0.00398406374501992
"1972",0.00398406374501992
"1973",0.00398406374501992
"1974",0.00398406374501992
"1975",0.00398406374501992
"1976",0.00398406374501992
"1977",0.00398406374501992
"1978",0.00398406374501992
"1979",0.00398406374501992
"1980",0.00398406374501992
"1981",0.00398406374501992
"1982",0.00398406374501992
"1983",0.00398406374501992
"1984",0.00398406374501992
"1985",0.00398406374501992
"1986",0.00398406374501992
"1987",0.00398406374501992
"1988",0.00398406374501992
"1989",0.00398406374501992
"1990",0.00398406374501992
"1991",0.00398406374501992
"1992",0.00398406374501992
"1993",0.00398406374501992
"1994",0.00398406374501992
"1995",0.00398406374501992
"1996",0.00398406374501992
"1997",0.00398406374501992
"1998",0.00398406374501992
"1999",0.00398406374501992
"2000",0.00398406374501992
